"","Df","Sum Sq","Mean Sq","F value","Pr(>F)"
"Name       ",1,0.208444192156657,0.208444192156657,1.82187863699991,0.214037391867683
"Residuals  ",8,0.915293424812982,0.114411678101623,NA,NA
